1.000000000000000000e+05,1.000000000000000000e+00,4.863563928979145468e-01,6.837462920284069767e-01,5.651769193677863568e-01,-1.188049510102035855e+00,-1.198772135073625789e+00,-7.246183704369051348e-01,1.063123961793512873e+00,1.820650975828954188e+00,6.424639179394094901e-01,-7.766770369887011638e-01,-8.745054976398165814e-02,7.349762900473182370e-01,nan,-4.679496595990695895e-01,1.303258991050539439e+00,-1.328148914029356718e-02,-4.438082614568050754e-02,2.004094170098539074e+00,-1.504492332879697969e+00,-9.250875716883903976e-01,-9.926332313359972903e-02,-6.139345110983189802e-01,-7.367883976130067403e-01,-6.170920453085723123e-01,1.306782830303529153e+00,0.000000000000000000e+00,-3.342091443994030797e-01,5.636867529622950901e-01,-1.285438812692564658e+00,-7.495323210374080780e-01
1.000050000000000000e+05,0.000000000000000000e+00,-8.031215786530694345e-01,-8.529978385765123461e-01,-7.724736441186006441e-01,5.764022654079716812e-01,-2.179585700133874343e-02,-2.496750598182690406e-01,3.543746539311710131e-01,-8.365153132187085339e-01,1.499082475191955366e+00,1.336084291925904166e-01,-1.031916487214983968e+00,-8.525724964548894169e-01,nan,3.409755141590783412e-01,2.369561801910071569e-02,7.039189244355591457e-01,-7.492527708123707386e-01,-5.725983343138683207e-02,7.948261381251233715e-01,2.411706898954168732e-01,1.432227948070510681e+00,-3.697174680094847954e-01,1.357241785076592544e+00,-5.229593604309943494e-02,-1.573473203834861556e+00,0.000000000000000000e+00,1.522408231900243547e-01,-4.509494023698360637e-02,1.988792125297930369e+00,3.265659265138057821e-01
1.000060000000000000e+05,1.000000000000000000e+00,7.495151626021969715e-01,-2.463883133377283985e-01,9.171902255484145616e-01,3.781492569237012158e-01,-1.198772135073625789e+00,-6.236929169304449294e-01,3.543746539311710131e-01,4.920678313051228270e-01,-1.027942268703055051e+00,4.370369179196876286e-01,1.801481325138022838e+00,7.349762900473182370e-01,nan,-6.220306450768120499e-01,1.303258991050539439e+00,1.421119338011411770e+00,1.576824646587707157e+00,-5.725983343138683207e-02,2.838664779018297557e-02,1.439825014300996076e-01,-8.650089587356547538e-01,-2.476089464650677585e-01,-7.367883976130067403e-01,7.580636989899703915e-01,-1.333451867656662293e-01,8.542421961772490580e-01,1.522408231900243547e-01,-4.509494023698360637e-02,-1.285438812692564658e+00,1.382487331923433482e-01
1.000110000000000000e+05,0.000000000000000000e+00,-1.452246543923632893e-01,-9.743197436242690967e-01,-2.092523542295955941e-01,-1.128573607556754732e+00,-2.179585700133874343e-02,-3.446637219419962372e-01,0.000000000000000000e+00,4.920678313051228270e-01,4.283092786262729934e-01,-3.046771656354388957e-01,-8.745054976398165814e-02,7.349762900473182370e-01,nan,-3.523889204907627581e-01,2.369561801910071569e-02,-1.328148914029356718e-02,-5.025475901790291688e-01,-5.725983343138683207e-02,1.561265628460063892e+00,-6.335230062924385175e-01,1.432227948070510681e+00,-2.883117869798734190e-01,1.357241785076592544e+00,-3.960848721177351317e-01,-1.333451867656662293e-01,0.000000000000000000e+00,1.522408231900243547e-01,5.636867529622950901e-01,-1.285438812692564658e+00,-5.006846012911906479e-02
1.000230000000000000e+05,1.000000000000000000e+00,5.653040238091993075e-01,-1.378726093783458451e+00,1.057995548020665755e+00,1.726269714616740725e+00,-6.102839960374822903e-01,-1.220340450895099176e-02,3.543746539311710131e-01,-8.365153132187085339e-01,-8.566185572525459868e-01,1.954179361555173688e+00,-1.031916487214983968e+00,7.349762900473182370e-01,nan,2.074386600783681089e+00,2.369561801910071569e-02,-7.304819027161463252e-01,4.137859378876681538e-01,9.734171683335761660e-01,2.838664779018297557e-02,-8.764934774557316954e-01,-9.926332313359972903e-02,1.380504674127159825e+00,-7.367883976130067403e-01,2.526121084516668169e+00,5.867188217689315310e-01,8.542421961772490580e-01,1.417010738922535706e+00,-4.509494023698360637e-02,-1.285438812692564658e+00,1.469920314536970585e+00
1.000270000000000000e+05,1.000000000000000000e+00,-2.241722853036480223e-01,-2.868289483536473061e-01,-3.852590073199096965e-01,1.131510689163929273e+00,1.155180421070948205e+00,1.938032564718823458e+00,-1.417498615724684052e+00,-8.365153132187085339e-01,-1.113604124428309694e+00,4.819892866199982917e-01,8.570153876870205689e-01,7.349762900473182370e-01,nan,-7.761116305545544547e-01,2.369561801910071569e-02,-1.447682316291998950e+00,6.252475212876752453e-01,-5.725983343138683207e-02,2.838664779018297557e-02,1.650399422642517377e+00,-8.650089587356547538e-01,-2.984874971085748618e-01,-7.367883976130067403e-01,1.912212270097676026e+00,-8.534091953002639341e-01,1.708484392354498116e+00,-4.801441346762312934e-01,1.172468446161573752e+00,2.425356250363329413e-02,6.090417164959994745e-01
1.000290000000000000e+05,0.000000000000000000e+00,-5.662786859192151523e-01,-8.125572035605933552e-01,-2.444536848476583923e-01,8.936070789828045591e-01,5.666922820348047063e-01,-1.576547933859082928e-01,-3.543746539311710131e-01,-8.365153132187085339e-01,-1.284927835878818814e-01,-3.046771656354388957e-01,-8.745054976398165814e-02,7.349762900473182370e-01,nan,1.868945286813358808e-01,-1.255867755012338050e+00,7.039189244355591457e-01,8.367091046876823368e-01,-5.725983343138683207e-02,2.838664779018297557e-02,-4.391466293618040417e-01,6.664823124684553513e-01,3.934607916431218655e-01,-7.367883976130067403e-01,-2.978594618106963354e-01,-1.333451867656662293e-01,-1.708484392354498116e+00,-1.015239099024601410e+00,-1.262658326635540895e+00,-6.305926250944657863e-01,-7.495323210374080780e-01
1.000310000000000000e+05,1.000000000000000000e+00,3.898648440063442328e-02,-1.136082283687944949e+00,-2.796550154657211906e-01,2.202076934978990153e+00,-2.179585700133874343e-02,-2.170227072132377977e-01,0.000000000000000000e+00,-8.365153132187085339e-01,2.141546393131364967e-01,1.639512780652998769e+00,-1.031916487214983968e+00,-8.525724964548894169e-01,nan,3.152953499127877812e+00,2.369561801910071569e-02,1.421119338011411770e+00,-7.140091735790362604e-01,-5.725983343138683207e-02,-1.504492332879697969e+00,1.456023045711882791e+00,-1.630754594337710195e+00,2.001222991977946730e+00,1.357241785076592544e+00,2.206888501018792414e+00,5.867188217689315310e-01,0.000000000000000000e+00,-7.233691184709449828e-01,-6.538766334362622334e-01,2.425356250363329413e-02,1.133639612177216094e+00
1.000320000000000000e+05,1.000000000000000000e+00,2.495135001640603756e-01,1.209474547235352970e+00,-4.204603379379724948e-01,-4.743386795586619908e-01,1.743668560107091814e+00,1.442310484260622028e+00,-1.771873269655855010e+00,4.920678313051228270e-01,-8.566185572525459868e-01,-7.092484839382351414e-01,-1.031916487214983968e+00,7.349762900473182370e-01,nan,-2.753484277518915002e-01,2.369561801910071569e-02,-1.328148914029356718e-02,-8.197399652790398061e-01,-5.725983343138683207e-02,-1.504492332879697969e+00,4.841411610587100789e-01,6.664823124684553513e-01,-1.214301408691702777e+00,-7.367883976130067403e-01,-2.733031092339366919e-01,2.026846838838126885e+00,0.000000000000000000e+00,1.035958264310816029e-01,-6.538766334362622334e-01,1.988792125297930369e+00,-4.401540748664340974e-01
1.000330000000000000e+05,0.000000000000000000e+00,9.161823834149090962e-02,1.128593277203515211e+00,1.779622825690954091e-01,-9.501458999209112521e-01,5.666922820348047063e-01,-3.684108874729280503e-01,-3.543746539311710131e-01,4.920678313051228270e-01,-7.281257736646640222e-01,-9.227722352647109716e-01,8.570153876870205689e-01,7.349762900473182370e-01,nan,-6.990711378156833078e-01,2.369561801910071569e-02,-1.328148914029356718e-02,6.134996555432303128e-02,9.734171683335761660e-01,1.561265628460063892e+00,-5.849289120597799263e-01,-8.650089587356547538e-01,-9.497329453454642079e-02,-7.367883976130067403e-01,-5.188666350015336270e-01,1.306782830303529153e+00,0.000000000000000000e+00,-1.015239099024601410e+00,-4.509494023698360637e-02,-1.285438812692564658e+00,-8.840446019813098522e-01
1.000380000000000000e+05,1.000000000000000000e+00,4.863563928979145468e-01,1.580180368214608999e-01,6.355795806039120643e-01,-4.346880778618079089e-01,-6.102839960374822903e-01,-2.763906210405673303e-01,7.087493078623420262e-01,4.920678313051228270e-01,3.040995878246538275e+00,1.538369951077299680e+00,-8.745054976398165814e-02,-8.525724964548894169e-01,nan,-8.916723696628613416e-01,1.303258991050539439e+00,-7.304819027161463252e-01,-4.673039929456946351e-01,-1.087936835196349872e+00,-7.380528425447574481e-01,-8.278993832230731043e-01,-9.926332313359972903e-02,1.370328963998458383e+00,1.357241785076592544e+00,5.370565257991332109e-01,-1.333451867656662293e-01,0.000000000000000000e+00,1.173785755127821906e+00,1.172468446161573752e+00,-1.285438812692564658e+00,2.317347684483551440e+00
1.000390000000000000e+05,1.000000000000000000e+00,1.267060743020617837e-02,-4.890321234332419831e-01,2.483649438052210334e-01,-1.029447103314619527e+00,-1.198772135073625789e+00,-5.969773557081466953e-01,2.126247923587025745e+00,4.920678313051228270e-01,2.569855671757637627e-01,3.134179039938331801e-01,-8.745054976398165814e-02,7.349762900473182370e-01,nan,-1.983079350130202700e-01,-1.255867755012338050e+00,7.039189244355591457e-01,1.318371600209920502e-01,-1.087936835196349872e+00,-7.380528425447574481e-01,-1.605404890945611340e+00,6.664823124684553513e-01,-7.665701630288402901e-01,1.357241785076592544e+00,-1.014086411966188261e-01,-1.573473203834861556e+00,-8.542421961772490580e-01,1.173785755127821906e+00,-1.262658326635540895e+00,6.790997501017322913e-01,3.938220669857566691e-01
1.000420000000000000e+05,1.000000000000000000e+00,6.530236137106266991e-02,6.433056570124880968e-01,2.131636131871582351e-01,2.988480535299929963e-01,5.666922820348047063e-01,3.291620999981936802e-01,-3.543746539311710131e-01,-8.365153132187085339e-01,-1.113604124428309694e+00,3.471321805190662468e-01,-1.031916487214983968e+00,7.349762900473182370e-01,nan,1.265461427025533103e+00,2.369561801910071569e-02,-1.447682316291998950e+00,-5.730347846456982364e-01,-5.725983343138683207e-02,7.948261381251233715e-01,-3.905525351291453950e-01,-1.630754594337710195e+00,-4.409474389103947845e-01,-7.367883976130067403e-01,1.441548845709781090e-01,5.867188217689315310e-01,0.000000000000000000e+00,1.562945729199363809e+00,-6.538766334362622334e-01,2.425356250363329413e-02,1.920536455699040634e-01
1.000450000000000000e+05,0.000000000000000000e+00,-2.434705950819620490e+00,1.371237087299028712e+00,-2.039721546368862271e+00,-1.069097705011473609e+00,-6.102839960374822903e-01,-8.611645722397629488e-01,1.417498615724684052e+00,-2.165098457742539839e+00,-6.852948458020368117e-01,-1.507153028368749981e+00,-8.745054976398165814e-02,-8.525724964548894169e-01,nan,-6.990711378156833078e-01,2.369561801910071569e-02,7.039189244355591457e-01,-5.730347846456982364e-01,-5.725983343138683207e-02,1.561265628460063892e+00,-1.475820639658522171e-01,-9.926332313359972903e-02,-8.683272643158544968e-01,-7.367883976130067403e-01,-1.353782622611363173e+00,1.306782830303529153e+00,0.000000000000000000e+00,-1.015239099024601410e+00,5.636867529622950901e-01,-1.285438812692564658e+00,-1.327935129096185607e+00
1.000460000000000000e+05,1.000000000000000000e+00,2.144256642034894078e+00,-4.485914884173230477e-01,8.115862336942261113e-01,-5.338145821039431693e-01,1.155180421070948205e+00,3.647828482945913997e-01,-1.063123961793512873e+00,4.920678313051228270e-01,-1.070773196565682372e+00,-2.147724282348174862e-01,-1.031916487214983968e+00,7.349762900473182370e-01,nan,2.228467586261423605e+00,-1.255867755012338050e+00,1.421119338011411770e+00,-9.254707569790433519e-01,-1.087936835196349872e+00,2.838664779018297557e-02,5.813293495240273723e-01,-8.650089587356547538e-01,1.899465890690933967e-01,-7.367883976130067403e-01,-1.505213463501381965e-01,-1.573473203834861556e+00,0.000000000000000000e+00,-1.015239099024601410e+00,1.172468446161573752e+00,-1.285438812692564658e+00,-6.822761805654572465e-01
1.000510000000000000e+05,1.000000000000000000e+00,-4.083834240966457418e-01,1.175774018055419645e-01,-4.204603379379724948e-01,-7.320675905882136902e-01,5.666922820348047063e-01,1.273111929852733526e-01,0.000000000000000000e+00,4.920678313051228270e-01,-9.422804129778005189e-01,-9.115341430896333197e-01,-1.031916487214983968e+00,7.349762900473182370e-01,nan,-3.523889204907627581e-01,2.369561801910071569e-02,-1.447682316291998950e+00,-6.435219791123671929e-01,9.734171683335761660e-01,7.948261381251233715e-01,-5.363348178271213351e-01,-2.396500229939765081e+00,-1.183774278305598671e+00,-7.367883976130067403e-01,-5.679793401550530252e-01,-1.333451867656662293e-01,0.000000000000000000e+00,-3.342091443994030797e-01,1.781250139360852414e+00,-6.305926250944657863e-01,-7.226298648486276788e-01
1.000570000000000000e+05,1.000000000000000000e+00,7.495151626021969715e-01,-1.250664082899716201e-01,5.651769193677863568e-01,1.666793812071459602e+00,-6.102839960374822903e-01,-3.149797650283314709e-01,3.543746539311710131e-01,-8.365153132187085339e-01,-2.569855671757637627e-01,1.729417518053620206e+00,-8.745054976398165814e-02,-8.525724964548894169e-01,nan,1.111380441547790587e+00,-1.255867755012338050e+00,-1.447682316291998950e+00,8.014655074543477475e-01,-1.087936835196349872e+00,-7.380528425447574481e-01,2.476499024597714094e+00,-8.650089587356547538e-01,2.062277252750154943e+00,-7.367883976130067403e-01,2.992691783475102341e+00,-1.333451867656662293e-01,8.542421961772490580e-01,1.522408231900243547e-01,5.636867529622950901e-01,-6.305926250944657863e-01,1.362310489781849210e+00
1.000590000000000000e+05,0.000000000000000000e+00,-1.224175610179921270e+00,1.977846612537812687e+00,-7.372723135005379014e-01,-8.708446965272030882e-01,-6.102839960374822903e-01,-6.118193341649790229e-01,3.543746539311710131e-01,-8.365153132187085339e-01,8.137876293899186653e-01,7.741796831720204608e-02,8.570153876870205689e-01,-2.440121282957097293e+00,nan,-5.449901523379407919e-01,2.582822364081978073e+00,-7.304819027161463252e-01,2.728115489543301297e-01,9.734171683335761660e-01,1.561265628460063892e+00,1.925765956627582542e-01,-9.926332313359972903e-02,-3.595417578807834080e-01,1.357241785076592544e+00,-2.978594618106963354e-01,-1.333451867656662293e-01,8.542421961772490580e-01,-4.233916384574663155e-02,-4.509494023698360637e-02,-6.305926250944657863e-01,1.786024174755138916e-01
1.000600000000000000e+05,1.000000000000000000e+00,-4.346993010670739954e-01,2.388993068532987429e-01,-5.964669910282865972e-01,9.530829815280856820e-01,-1.198772135073625789e+00,-8.760065506965953874e-01,7.087493078623420262e-01,-8.365153132187085339e-01,-3.426474229010184058e-01,4.370369179196876286e-01,-1.031916487214983968e+00,7.349762900473182370e-01,nan,6.491374851145632618e-01,2.369561801910071569e-02,7.039189244355591457e-01,-7.492527708123707386e-01,-1.087936835196349872e+00,1.561265628460063892e+00,1.164458480315931022e+00,6.664823124684553513e-01,8.513677474346857954e-01,1.357241785076592544e+00,-3.469721669642157336e-01,-8.534091953002639341e-01,0.000000000000000000e+00,2.495308167079098305e-01,-4.509494023698360637e-02,-6.305926250944657863e-01,5.821392603072190752e-01
1.000680000000000000e+05,0.000000000000000000e+00,-8.294374556234976881e-01,-7.316759335287555954e-01,-1.089285619681165995e+00,1.600709475910036539e-01,1.155180421070948205e+00,6.289700648262077642e-01,-7.087493078623420262e-01,-8.365153132187085339e-01,3.426474229010184058e-01,-8.890579587394779049e-01,-8.745054976398165814e-02,7.349762900473182370e-01,nan,-6.990711378156833078e-01,-1.255867755012338050e+00,-1.328148914029356718e-02,-6.435219791123671929e-01,-5.725983343138683207e-02,7.948261381251233715e-01,8.242998206873205502e-01,6.664823124684553513e-01,7.801377765337776105e-02,-7.367883976130067403e-01,-2.241904040804172937e-01,-1.333451867656662293e-01,-8.542421961772490580e-01,-5.287891314351740313e-01,1.781250139360852414e+00,-1.285438812692564658e+00,-5.746663558103358715e-01
1.000700000000000000e+05,1.000000000000000000e+00,1.267060743020617837e-02,-1.655070433058905277e-01,3.715696009684413964e-02,-9.699712007693382931e-01,5.666922820348047063e-01,1.154376102198074600e-01,-7.087493078623420262e-01,4.920678313051228270e-01,8.566185572525459868e-01,-2.597247969351281771e-01,-8.745054976398165814e-02,7.349762900473182370e-01,nan,-1.983079350130202700e-01,1.303258991050539439e+00,-1.328148914029356718e-02,-4.320603957123601568e-01,9.734171683335761660e-01,-1.504492332879697969e+00,-1.168058042851683576e+00,-9.926332313359972903e-02,1.899465890690933967e-01,1.357241785076592544e+00,-8.135428659226499049e-01,5.867188217689315310e-01,0.000000000000000000e+00,6.305832913196115011e-03,-1.262658326635540895e+00,1.333945937699831497e+00,-9.042214441228958732e-02
1.000770000000000000e+05,0.000000000000000000e+00,-8.820692095643540842e-01,-4.418513825813374929e-02,-4.908629991740981469e-01,-7.518928914366407312e-01,-2.179585700133874343e-02,-4.129368228434251997e-01,0.000000000000000000e+00,-8.365153132187085339e-01,-3.854783507636456719e-01,-6.980103917631574895e-01,-8.745054976398165814e-02,-8.525724964548894169e-01,nan,-6.220306450768120499e-01,2.369561801910071569e-02,1.421119338011411770e+00,-5.730347846456982364e-01,-2.118613836961312558e+00,7.948261381251233715e-01,-1.119463948619024984e+00,-9.926332313359972903e-02,-1.051490046632480135e+00,1.357241785076592544e+00,-8.872119236529290021e-01,-1.333451867656662293e-01,0.000000000000000000e+00,-5.287891314351740313e-01,-1.262658326635540895e+00,-1.285438812692564658e+00,-3.863491624888734099e-01
1.000780000000000000e+05,1.000000000000000000e+00,3.284611310753450808e-01,1.249915182251271961e+00,8.819888949303517078e-01,7.350046721953881201e-01,1.743668560107091814e+00,3.532061050982620909e+00,-2.480622577518196703e+00,-8.365153132187085339e-01,3.426474229010184058e-01,4.145607335695322693e-01,1.801481325138022838e+00,-8.525724964548894169e-01,nan,-5.835103987073764209e-01,1.303258991050539439e+00,7.039189244355591457e-01,1.717799035521045070e+00,-5.725983343138683207e-02,-1.504492332879697969e+00,9.538840719744097474e-02,-8.650089587356547538e-01,6.783806752467634593e-02,-7.367883976130067403e-01,2.178239423012571785e-01,2.026846838838126885e+00,0.000000000000000000e+00,8.332707778152227407e-01,-1.262658326635540895e+00,2.425356250363329413e-02,4.409013653161215213e-02
1.000820000000000000e+05,1.000000000000000000e+00,1.223200948069905314e+00,-7.721165685446744753e-01,-3.324570113928149162e-02,-1.967844676806832782e-01,-6.102839960374822903e-01,-4.544943625225558170e-01,3.543746539311710131e-01,4.920678313051228270e-01,8.566185572525460146e-02,1.617036596302843465e+00,-1.031916487214983968e+00,7.349762900473182370e-01,nan,-1.983079350130202700e-01,2.369561801910071569e-02,-1.447682316291998950e+00,-8.902271597457087626e-01,-5.725983343138683207e-02,7.948261381251233715e-01,1.650399422642517377e+00,6.664823124684553513e-01,1.370328963998458383e+00,1.357241785076592544e+00,-1.750776989268978956e-01,-8.534091953002639341e-01,0.000000000000000000e+00,1.368365742163592857e+00,-4.509494023698360637e-02,-1.285438812692564658e+00,2.344250140672331728e+00
1.000830000000000000e+05,0.000000000000000000e+00,6.705675316909123218e-01,1.371237087299028712e+00,5.651769193677863568e-01,-1.168224209253608814e+00,1.155180421070948205e+00,8.278525761477623091e-02,-1.417498615724684052e+00,1.820650975828954188e+00,-8.566185572525460146e-02,-1.035153157015487713e+00,8.570153876870205689e-01,7.349762900473182370e-01,nan,-5.064699059685051630e-01,2.369561801910071569e-02,1.421119338011411770e+00,4.842731323543371658e-01,-5.725983343138683207e-02,2.838664779018297557e-02,-7.307111947577558109e-01,1.432227948070510681e+00,-1.224477118820404220e+00,-7.367883976130067403e-01,-1.304669917457843775e+00,1.306782830303529153e+00,-1.708484392354498116e+00,-8.206591119888305697e-01,-6.538766334362622334e-01,6.790997501017322913e-01,-1.247227760529844520e+00
1.000840000000000000e+05,0.000000000000000000e+00,-5.399628089487868987e-01,-3.677102183854851769e-01,-7.372723135005379014e-01,2.083125129888427463e+00,-6.102839960374822903e-01,-4.070000314606922465e-01,3.543746539311710131e-01,-8.365153132187085339e-01,4.711402064889002594e-01,1.897988900679785207e+00,1.801481325138022838e+00,-8.525724964548894169e-01,nan,-8.146318769239900837e-01,2.369561801910071569e-02,7.039189244355591457e-01,9.071962991543512933e-01,-5.725983343138683207e-02,2.838664779018297557e-02,3.399786815018228214e+00,-9.926332313359972903e-02,7.496106461476715888e-01,1.357241785076592544e+00,2.059550385558233998e+00,-1.333451867656662293e-01,1.708484392354498116e+00,9.792057680920509544e-01,-4.509494023698360637e-02,-6.305926250944657863e-01,2.209737859728429843e+00
1.000900000000000000e+05,0.000000000000000000e+00,8.284627935134817323e-01,1.984586718373798353e-01,9.523915561664774154e-01,-1.346651916889452183e+00,-1.198772135073625789e+00,-5.613566074117489757e-01,3.543746539311710131e-01,1.820650975828954188e+00,-9.422804129778005189e-01,4.370369179196876286e-01,-8.745054976398165814e-02,7.349762900473182370e-01,nan,-3.138686741213271292e-01,2.369561801910071569e-02,-1.328148914029356718e-02,-2.558424095456875991e-01,2.004094170098539074e+00,-1.504492332879697969e+00,-1.070869854386366171e+00,-8.650089587356547538e-01,7.292592258902688140e-01,1.357241785076592544e+00,-1.505213463501381965e-01,5.867188217689315310e-01,0.000000000000000000e+00,1.319720745404650231e+00,-4.509494023698360637e-02,1.988792125297930369e+00,7.435539974399011376e-01
1.000930000000000000e+05,1.000000000000000000e+00,-6.189104398600716594e-01,-6.912352985128366045e-01,-6.316683216463493400e-01,-3.157362727712456074e-01,2.332156699143235201e+00,2.481248976238888293e+00,-2.480622577518196703e+00,-8.365153132187085339e-01,-1.713237114505092029e-01,-6.755342074130020746e-01,-1.031916487214983968e+00,-8.525724964548894169e-01,nan,7.646982242228700377e-01,2.369561801910071569e-02,-1.447682316291998950e+00,-8.902271597457087626e-01,-5.725983343138683207e-02,1.561265628460063892e+00,4.679431296478234192e-02,6.664823124684553513e-01,-5.834073807122146516e-01,-7.367883976130067403e-01,-6.416483978853320114e-01,1.306782830303529153e+00,0.000000000000000000e+00,-2.369191508815176039e-01,-2.480221713034098663e+00,-6.305926250944657863e-01,-7.360810929430179339e-01
1.000970000000000000e+05,1.000000000000000000e+00,1.179341153119191493e-01,-3.744503242214822138e-03,6.707809112219748071e-01,1.468540803587188970e+00,5.666922820348047063e-01,-1.309392321636100032e-01,-3.543746539311710131e-01,-8.365153132187085339e-01,1.499082475191955366e+00,5.494178396704643141e-01,8.570153876870205689e-01,-8.525724964548894169e-01,nan,-3.138686741213271292e-01,2.369561801910071569e-02,-1.328148914029356718e-02,1.894017021687717683e+00,9.734171683335761660e-01,2.838664779018297557e-02,-4.877407235944626329e-01,-8.650089587356547538e-01,1.156639051295728526e+00,1.357241785076592544e+00,1.195985319942184100e-01,-8.534091953002639341e-01,1.708484392354498116e+00,-5.287891314351740313e-01,5.636867529622950901e-01,6.790997501017322913e-01,3.063890843722197679e-02
1.000980000000000000e+05,0.000000000000000000e+00,-1.118912102298208255e+00,1.532999627362704453e+00,-8.076749747366634979e-01,1.309938396799772642e+00,-2.179585700133874343e-02,5.606969639247861951e-03,0.000000000000000000e+00,-2.165098457742539839e+00,6.424639179394094901e-01,7.179892222966294257e-01,8.570153876870205689e-01,-8.525724964548894169e-01,nan,-1.212674422741490399e-01,-1.255867755012338050e+00,7.039189244355591457e-01,1.118657882554358496e+00,-1.087936835196349872e+00,1.561265628460063892e+00,7.271116322220032568e-01,6.664823124684553513e-01,3.324065308709133193e-01,-7.367883976130067403e-01,4.633874680688541137e-01,-1.333451867656662293e-01,0.000000000000000000e+00,1.903460706511963085e+00,5.636867529622950901e-01,-6.305926250944657863e-01,4.610782074577075007e-01
1.000990000000000000e+05,0.000000000000000000e+00,-3.294357931853609811e-01,-5.699133934650798539e-01,-1.388496929934699420e-01,4.111914250044133162e-02,1.155180421070948205e+00,5.814757337643441382e-01,-3.543746539311710131e-01,4.920678313051228270e-01,2.141546393131364967e-01,-3.721057186859049182e-01,1.801481325138022838e+00,7.349762900473182370e-01,nan,-8.916723696628613416e-01,-1.255867755012338050e+00,-7.304819027161463252e-01,9.071962991543512933e-01,-1.087936835196349872e+00,1.561265628460063892e+00,-3.905525351291453950e-01,2.197973583672565567e+00,8.818948778207919004e-02,-7.367883976130067403e-01,7.048582684069902571e-02,-1.333451867656662293e-01,0.000000000000000000e+00,-7.233691184709449828e-01,1.781250139360852414e+00,1.333945937699831497e+00,-4.805077591496045852e-01
1.001010000000000000e+05,1.000000000000000000e+00,-6.452263168304999130e-01,-4.081508534014041123e-01,-6.316683216463493400e-01,-7.518928914366407312e-01,-1.198772135073625789e+00,-6.593136652268426490e-01,1.417498615724684052e+00,4.920678313051228270e-01,1.199265980153564337e+00,-3.159152578105165476e-01,-1.031916487214983968e+00,7.349762900473182370e-01,nan,-4.294294132296339606e-01,-1.255867755012338050e+00,7.039189244355591457e-01,-7.844963680457052169e-01,-5.725983343138683207e-02,2.838664779018297557e-02,-9.250875716883903976e-01,-9.926332313359972903e-02,9.836519791078043307e-01,-7.367883976130067403e-01,1.052739929911086669e+00,-1.573473203834861556e+00,-1.708484392354498116e+00,-6.747241217120022450e-01,-6.538766334362622334e-01,2.425356250363329413e-02,8.444382081478267466e-02
1.001020000000000000e+05,0.000000000000000000e+00,-4.873310550079304471e-01,2.301371692665163948e+00,-6.844703175734431766e-02,-2.760856710743914699e-01,-2.179585700133874343e-02,-3.179481607196979476e-01,0.000000000000000000e+00,4.920678313051228270e-01,1.370589691604073623e+00,8.078939596972508630e-01,2.745947262589024884e+00,-2.440121282957097293e+00,nan,-9.301926160322969706e-01,-1.255867755012338050e+00,-1.447682316291998950e+00,1.083414285321023796e+00,-1.087936835196349872e+00,2.838664779018297557e-02,5.813293495240273723e-01,6.664823124684553513e-01,5.867992840884488359e-01,1.357241785076592544e+00,-5.229593604309943494e-02,-8.534091953002639341e-01,-8.542421961772490580e-01,2.495308167079098305e-01,-4.509494023698360637e-02,1.988792125297930369e+00,8.780662783838029117e-01
1.001030000000000000e+05,1.000000000000000000e+00,2.758293771344886292e-01,-1.055201013656106968e+00,1.955629478781323143e-03,-1.174832642869750726e-01,5.666922820348047063e-01,-3.149797650283314709e-01,-3.543746539311710131e-01,4.920678313051228270e-01,1.070773196565682372e+00,-3.271533499855942551e-01,-1.031916487214983968e+00,7.349762900473182370e-01,nan,1.868945286813358808e-01,2.369561801910071569e-02,2.138319751587264506e+00,-6.082783818790327146e-01,-5.725983343138683207e-02,7.948261381251233715e-01,-1.799781267876296963e-03,6.664823124684553513e-01,4.545150524153303562e-01,1.357241785076592544e+00,-4.697539298480142289e-01,-8.534091953002639341e-01,-8.542421961772490580e-01,-5.774341281941167692e-01,5.636867529622950901e-01,6.790997501017322913e-01,-2.383856534505814917e-01
1.001050000000000000e+05,0.000000000000000000e+00,2.328467780827891520e+00,-1.136082283687944949e+00,2.571652764597367025e+00,-5.932904846492242923e-01,-2.179585700133874343e-02,-5.494830246462830692e-01,3.543746539311710131e-01,1.820650975828954188e+00,-8.994494851151731973e-01,-1.181248355291497409e+00,8.570153876870205689e-01,7.349762900473182370e-01,nan,-9.301926160322969706e-01,-1.255867755012338050e+00,-1.328148914029356718e-02,-3.615732012456911448e-01,2.004094170098539074e+00,2.838664779018297557e-02,-1.459622608247635345e+00,-9.926332313359972903e-02,-6.546373516131246406e-01,-7.367883976130067403e-01,-6.416483978853320114e-01,-1.333451867656662293e-01,-1.708484392354498116e+00,-1.063884095783544259e+00,1.172468446161573752e+00,6.790997501017322913e-01,-9.513007424532606837e-01
1.001060000000000000e+05,1.000000000000000000e+00,-7.504898247122129273e-01,-1.378726093783458451e+00,-6.668696522644121938e-01,-1.465603721980014651e+00,5.666922820348047063e-01,2.371418335658329601e-01,0.000000000000000000e+00,1.820650975828954188e+00,-8.137876293899186653e-01,-7.092484839382351414e-01,-1.031916487214983968e+00,-8.525724964548894169e-01,nan,-4.679496595990695895e-01,2.369561801910071569e-02,-1.328148914029356718e-02,-7.844963680457052169e-01,-5.725983343138683207e-02,-1.504492332879697969e+00,-9.736816659210489888e-01,-1.630754594337710195e+00,-7.462187427714374044e-01,-7.367883976130067403e-01,-3.469721669642157336e-01,-2.293537212369459510e+00,0.000000000000000000e+00,4.441108037436807821e-01,-4.509494023698360637e-02,1.988792125297930369e+00,-3.728979343944832103e-01
1.001070000000000000e+05,1.000000000000000000e+00,-2.768040392445045295e-01,-1.257404188735701700e+00,-5.612656604102237434e-01,-6.924169888913596083e-01,-2.179585700133874343e-02,-4.663679452880217235e-01,1.417498615724684052e+00,1.820650975828954188e+00,-1.070773196565682372e+00,-1.170010263116419758e+00,-8.745054976398165814e-02,7.349762900473182370e-01,nan,-5.835103987073764209e-01,1.303258991050539439e+00,-1.447682316291998950e+00,-6.082783818790327146e-01,9.734171683335761660e-01,2.838664779018297557e-02,4.841411610587100789e-01,-9.926332313359972903e-02,-1.733262625255475475e+00,-7.367883976130067403e-01,-9.117682762296887011e-01,2.026846838838126885e+00,-1.708484392354498116e+00,-5.774341281941167692e-01,-4.509494023698360637e-02,6.790997501017322913e-01,-9.647519705476508278e-01
1.001110000000000000e+05,0.000000000000000000e+00,-8.557533325939258306e-01,-3.677102183854851769e-01,-7.724736441186006441e-01,-3.818206089326687397e-02,1.155180421070948205e+00,2.816677689363301096e-01,-7.087493078623420262e-01,-8.365153132187085339e-01,-4.283092786262729934e-01,-1.192486447466575061e+00,-8.745054976398165814e-02,7.349762900473182370e-01,nan,-4.679496595990695895e-01,2.369561801910071569e-02,-7.304819027161463252e-01,-2.205988123123530653e-01,-5.725983343138683207e-02,2.838664779018297557e-02,-9.898796973319357040e-02,-9.926332313359972903e-02,-1.153247147919494342e+00,-7.367883976130067403e-01,-1.231000859727564567e+00,-1.333451867656662293e-01,1.708484392354498116e+00,-6.747241217120022450e-01,-2.480221713034098663e+00,1.333945937699831497e+00,-1.179971620057893578e+00
1.001180000000000000e+05,1.000000000000000000e+00,-3.996114651065030970e-02,-1.297844823751620469e+00,-3.148563460837840444e-01,8.076974419729543442e-02,-1.198772135073625789e+00,-2.585802468923684705e-01,3.543746539311710131e-01,4.920678313051228270e-01,3.212319589697047117e+00,1.864274624154552251e+00,-8.745054976398165814e-02,-8.525724964548894169e-01,nan,-7.375913841851188257e-01,2.369561801910071569e-02,-7.304819027161463252e-01,-9.254707569790433519e-01,-1.087936835196349872e+00,-7.380528425447574481e-01,2.411706898954168732e-01,-1.630754594337710195e+00,1.848587340047425309e+00,1.357241785076592544e+00,1.371972513408962646e+00,5.867188217689315310e-01,-8.542421961772490580e-01,4.238420550941214060e+00,-4.509494023698360637e-02,6.790997501017322913e-01,2.841945580164768170e+00
1.001250000000000000e+05,1.000000000000000000e+00,2.495135001640603756e-01,-1.176522918703863718e+00,5.299755887497236140e-01,1.329763697648199683e+00,1.155180421070948205e+00,6.289700648262077642e-01,3.543746539311710131e-01,-8.365153132187085339e-01,0.000000000000000000e+00,9.090367892729499522e-01,-1.031916487214983968e+00,-8.525724964548894169e-01,nan,3.961878672886026020e+00,2.369561801910071569e-02,-1.447682316291998950e+00,-6.787655763457017821e-01,-5.725983343138683207e-02,-7.380528425447574481e-01,-9.736816659210489888e-01,-8.650089587356547538e-01,1.136287631038325641e+00,-7.367883976130067403e-01,4.633874680688541137e-01,-1.333451867656662293e-01,0.000000000000000000e+00,1.035958264310816029e-01,-1.871440019834819557e+00,2.425356250363329413e-02,-3.661723203472889293e-02
1.001280000000000000e+05,0.000000000000000000e+00,-6.189104398600716594e-01,-3.744503242214822138e-03,-7.372723135005379014e-01,2.129384165201428369e-02,-1.198772135073625789e+00,-9.116272989929931070e-01,1.063123961793512873e+00,-8.365153132187085339e-01,-1.027942268703055051e+00,-9.902007883151769940e-01,-1.031916487214983968e+00,7.349762900473182370e-01,nan,-4.422694953527781664e-02,1.303258991050539439e+00,-1.328148914029356718e-02,-6.435219791123671929e-01,2.004094170098539074e+00,-7.380528425447574481e-01,1.439825014300996076e-01,-9.926332313359972903e-02,-1.224477118820404220e+00,-7.367883976130067403e-01,-8.135428659226499049e-01,1.306782830303529153e+00,1.708484392354498116e+00,-5.774341281941167692e-01,5.636867529622950901e-01,6.790997501017322913e-01,-9.243982862644802845e-01
1.001350000000000000e+05,1.000000000000000000e+00,5.126722698683428003e-01,-6.103540284809987337e-01,5.299755887497236140e-01,-3.553868744680996894e-01,1.155180421070948205e+00,2.009274061311618897e+00,-1.417498615724684052e+00,4.920678313051228270e-01,-4.711402064889002594e-01,2.235131665932117984e-01,-8.745054976398165814e-02,7.349762900473182370e-01,nan,-1.212674422741490399e-01,2.369561801910071569e-02,7.039189244355591457e-01,-7.962442337901501355e-02,-5.725983343138683207e-02,-1.504492332879697969e+00,-5.849289120597799263e-01,-1.630754594337710195e+00,3.324065308709133193e-01,-7.367883976130067403e-01,5.125001732223735118e-01,1.306782830303529153e+00,0.000000000000000000e+00,1.368365742163592857e+00,-1.262658326635540895e+00,6.790997501017322913e-01,3.400171546081959817e-01
1.001440000000000000e+05,0.000000000000000000e+00,3.547770080457733344e-01,4.815431169488123553e-01,-6.668696522644121938e-01,2.393721509847118456e-01,-1.198772135073625789e+00,-1.000679169733987406e+00,3.543746539311710131e-01,4.920678313051228270e-01,-4.283092786262730073e-02,-7.429627604634682081e-01,-1.031916487214983968e+00,7.349762900473182370e-01,nan,-5.706703165842201553e-03,1.303258991050539439e+00,1.421119338011411770e+00,-8.549835625123742844e-01,9.734171683335761660e-01,2.838664779018297557e-02,1.456023045711882791e+00,6.664823124684553513e-01,-2.272575262076649005e-01,1.357241785076592544e+00,-9.854373339599676873e-01,-1.333451867656662293e-01,0.000000000000000000e+00,-5.774341281941167692e-01,-4.509494023698360637e-02,-6.305926250944657863e-01,-5.477638996215554723e-01
1.001470000000000000e+05,1.000000000000000000e+00,-3.031199162149327275e-01,-2.463883133377283985e-01,-3.852590073199096965e-01,1.944348023949438176e+00,-2.179585700133874343e-02,-1.992123330650389379e-01,3.543746539311710131e-01,-8.365153132187085339e-01,-9.851113408404278404e-01,4.257988257446099212e-01,-8.745054976398165814e-02,7.349762900473182370e-01,nan,4.950564996368208015e-01,1.303258991050539439e+00,7.039189244355591457e-01,4.137859378876681538e-01,9.734171683335761660e-01,2.838664779018297557e-02,1.747587611107834560e+00,6.664823124684553513e-01,5.257450233162402897e-01,-7.367883976130067403e-01,5.616128783758929099e-01,-1.333451867656662293e-01,-8.542421961772490580e-01,6.873357875383945270e-01,1.172468446161573752e+00,-6.305926250944657863e-01,1.920536455699040634e-01
1.001500000000000000e+05,1.000000000000000000e+00,2.231976231936321220e-01,7.241869270443258566e-01,1.779622825690954091e-01,3.186733543784200373e-01,-1.198772135073625789e+00,-9.531848386721236688e-01,1.771873269655855010e+00,4.920678313051228270e-01,-1.070773196565682372e+00,-6.081056543625360522e-01,-1.031916487214983968e+00,7.349762900473182370e-01,nan,1.419542412503275619e+00,-1.255867755012338050e+00,1.421119338011411770e+00,-8.902271597457087626e-01,-1.087936835196349872e+00,-7.380528425447574481e-01,-1.799781267876296963e-03,1.432227948070510681e+00,-2.679603667224705887e-01,-7.367883976130067403e-01,-4.943102824247738725e-01,-1.573473203834861556e+00,0.000000000000000000e+00,-1.063884095783544259e+00,-6.538766334362622334e-01,2.425356250363329413e-02,-8.840446019813098522e-01
1.001540000000000000e+05,0.000000000000000000e+00,4.275842676639581619e+00,5.219837519647312352e-01,5.035745907861763904e+00,1.309938396799772642e+00,1.743668560107091814e+00,3.146169611104979058e+00,-2.480622577518196703e+00,1.820650975828954188e+00,-9.422804129778005189e-01,1.583322319777610288e+00,1.801481325138022838e+00,7.349762900473182370e-01,nan,-5.706703165842201553e-03,2.369561801910071569e-02,-1.328148914029356718e-02,4.220094439087795024e+00,-1.087936835196349872e+00,-1.504492332879697969e+00,-3.905525351291453950e-01,2.197973583672565567e+00,1.553491746315083910e+00,-7.367883976130067403e-01,1.322859808255443248e+00,-1.573473203834861556e+00,0.000000000000000000e+00,-4.801441346762312934e-01,1.781250139360852414e+00,2.425356250363329413e-02,2.862122422306352942e-01
1.001580000000000000e+05,1.000000000000000000e+00,3.898648440063442328e-02,-7.721165685446744753e-01,4.947742581316607602e-01,1.600709475910036539e-01,5.666922820348047063e-01,-1.160972537067776339e-01,-3.543746539311710131e-01,-8.365153132187085339e-01,2.998164950383910843e-01,1.482179490201911420e+00,-8.745054976398165814e-02,-2.440121282957097293e+00,nan,6.491374851145632618e-01,2.369561801910071569e-02,-7.304819027161463252e-01,7.309783129876787910e-01,-5.725983343138683207e-02,-1.504492332879697969e+00,-1.653998985178269931e+00,6.664823124684553513e-01,5.766235739597475041e-01,1.357241785076592544e+00,2.137312168717964145e-02,5.867188217689315310e-01,8.542421961772490580e-01,6.305832913196115011e-03,-6.538766334362622334e-01,2.425356250363329413e-02,1.268151893121117979e+00
1.001640000000000000e+05,0.000000000000000000e+00,1.442499922823473890e-01,-1.055201013656106968e+00,1.075596213329697709e-01,-2.959109719228185664e-01,-1.198772135073625789e+00,-9.739636085116890607e-01,3.543746539311710131e-01,4.920678313051228270e-01,2.998164950383910843e-01,-1.192486447466575061e+00,-1.031916487214983968e+00,-8.525724964548894169e-01,nan,4.950564996368208015e-01,2.369561801910071569e-02,1.421119338011411770e+00,-6.435219791123671929e-01,-1.087936835196349872e+00,7.948261381251233715e-01,-3.419584408964867484e-01,-9.926332313359972903e-02,-7.869215832862431759e-01,-7.367883976130067403e-01,-1.329226270034603363e+00,-1.333451867656662293e-01,-1.708484392354498116e+00,-1.112529092542486886e+00,-4.509494023698360637e-02,-6.305926250944657863e-01,-1.354837585284965895e+00
1.001740000000000000e+05,0.000000000000000000e+00,-8.031215786530694345e-01,6.028650219965691059e-01,-5.964669910282865972e-01,-1.287176014344171060e+00,-1.198772135073625789e+00,-6.652504566095756022e-01,3.543746539311710131e-01,4.920678313051228270e-01,4.283092786262730073e-02,-6.305818387126914670e-01,-8.745054976398165814e-02,-2.440121282957097293e+00,nan,-4.679496595990695895e-01,2.582822364081978073e+00,-1.447682316291998950e+00,-7.140091735790362604e-01,2.004094170098539074e+00,7.948261381251233715e-01,9.538840719744097474e-02,-9.926332313359972903e-02,-8.581515541871530539e-01,-7.367883976130067403e-01,-3.469721669642157336e-01,-1.333451867656662293e-01,-8.542421961772490580e-01,6.386907907794517891e-01,-4.509494023698360637e-02,1.333945937699831497e+00,-3.325442501113127225e-01
1.001780000000000000e+05,0.000000000000000000e+00,-1.171543856239064763e+00,2.260931057649245179e+00,-8.076749747366634979e-01,-8.113687939819218542e-01,-1.198772135073625789e+00,-7.543023273505699011e-01,3.543746539311710131e-01,-8.365153132187085339e-01,-8.566185572525460146e-02,-7.204865761133127933e-01,8.570153876870205689e-01,-8.525724964548894169e-01,nan,-8.146318769239900837e-01,-2.535431128043776461e+00,-1.328148914029356718e-02,3.432987434209991418e-01,-2.118613836961312558e+00,-7.380528425447574481e-01,-5.039387550053493064e-02,6.664823124684553513e-01,-8.581515541871530539e-01,-7.367883976130067403e-01,-2.978594618106963354e-01,-1.333451867656662293e-01,-1.708484392354498116e+00,-8.693041087477733075e-01,-4.509494023698360637e-02,2.425356250363329413e-02,-7.091786367542375347e-01
1.001830000000000000e+05,1.000000000000000000e+00,-9.873327174460670985e-01,6.028650219965691059e-01,-9.484802972089148021e-01,-1.227700111798889937e+00,-1.198772135073625789e+00,-8.878801334620612939e-01,1.771873269655855010e+00,4.920678313051228270e-01,-1.713237114505092029e-01,-1.675724410994915203e+00,-8.745054976398165814e-02,7.349762900473182370e-01,nan,-7.375913841851188257e-01,2.369561801910071569e-02,7.039189244355591457e-01,-8.549835625123742844e-01,-5.725983343138683207e-02,2.838664779018297557e-02,-6.335230062924385175e-01,6.664823124684553513e-01,-1.214301408691702777e+00,-7.367883976130067403e-01,-1.476564385495161558e+00,1.306782830303529153e+00,1.708484392354498116e+00,-1.063884095783544259e+00,5.636867529622950901e-01,-6.305926250944657863e-01,-1.422093725756916838e+00
1.001880000000000000e+05,0.000000000000000000e+00,1.381096209892474835e+00,2.463134232728839912e+00,2.835662744232838595e-01,-1.247525412647316978e+00,-6.102839960374822903e-01,-7.721127014987687609e-01,3.543746539311710131e-01,4.920678313051228270e-01,-9.851113408404278404e-01,-9.789626961400993421e-01,8.570153876870205689e-01,7.349762900473182370e-01,nan,-5.449901523379407919e-01,2.369561801910071569e-02,-7.304819027161463252e-01,3.080551461876646080e-01,-1.087936835196349872e+00,7.948261381251233715e-01,1.439825014300996076e-01,-8.650089587356547538e-01,-1.570451263196252611e+00,-7.367883976130067403e-01,-9.363246288064484002e-01,-1.333451867656662293e-01,2.562726588531747396e+00,-9.665941022656587833e-01,-4.509494023698360637e-02,2.425356250363329413e-02,-1.099264251491552491e+00
1.001910000000000000e+05,0.000000000000000000e+00,-6.452263168304999130e-01,-8.462577327405268468e-02,-7.372723135005379014e-01,-3.818206089326687397e-02,-1.198772135073625789e+00,-9.888055869685213883e-01,3.543746539311710131e-01,-8.365153132187085339e-01,-1.070773196565682372e+00,-1.181248355291497409e+00,-1.031916487214983968e+00,7.349762900473182370e-01,nan,-5.706703165842201553e-03,2.369561801910071569e-02,-1.447682316291998950e+00,-9.254707569790433519e-01,9.734171683335761660e-01,7.948261381251233715e-01,4.679431296478234192e-02,1.432227948070510681e+00,-1.784141175898982468e+00,-7.367883976130067403e-01,-9.363246288064484002e-01,-1.333451867656662293e-01,0.000000000000000000e+00,-8.693041087477733075e-01,-4.509494023698360637e-02,2.425356250363329413e-02,-1.058910567208382059e+00
1.001920000000000000e+05,0.000000000000000000e+00,-4.610151780375021935e-01,-8.934384735924312260e-01,-1.036483623754071298e-01,1.329763697648199683e+00,1.155180421070948205e+00,1.059387440074346598e+00,-7.087493078623420262e-01,-8.365153132187085339e-01,1.927391753818228359e+00,1.178751001474814153e+00,1.801481325138022838e+00,-8.525724964548894169e-01,nan,-5.449901523379407919e-01,-1.255867755012338050e+00,-1.328148914029356718e-02,2.175965799554393953e+00,-5.725983343138683207e-02,-7.380528425447574481e-01,-5.039387550053493064e-02,-8.650089587356547538e-01,1.675600267859501002e+00,1.357241785076592544e+00,1.126408987641365878e+00,-8.534091953002639341e-01,8.542421961772490580e-01,5.495082967213885811e-02,1.781250139360852414e+00,2.425356250363329413e-02,7.704564536286815368e-01
